Company Name,Web Address,Description,Contact Name,Contact Title,Address,Contact Phone,Contact Fax,Contact Email,Position Types ,Degrees ,Academic Programs ,College of Arts and Sciences ,Case School of Engineering ,Weatherhead School of Management ,Professional Schools ,F-1,Location
U.S. Navy,http://www.navy.com,U.S. Navy Officer Programs,Robert Rood,LT,"7123 Pearl Road, Suite 102Middleburg Heights, OH  44130",440-843-9363,440-843-9285,robert.r.rood@navy.mil,Full Time,Bachelors;Masters;Doctoral,All Majors,English/Classics/Literature;History;Music/Music Education/Theatre/Dance;Philosophy/Religious Studies;Political Science;Psychology;Sociology;All Sciences;Biochemistry;Biology/Systems Biology/Evolutionary Biology;Chemistry/Natural Sciences;Mathematics/Statistics;Nutrition;Physics/Astronomy,All Engineering,All Weatherhead,,N,Global
Cleveland Clinic,http://clevelandclinic.org,"Cleveland Clinic was founded in 1921 by four doctors whose vision was to provide excellent patient care based on the principles of cooperation, compassion and innovation. Today, Cleveland Clinic has locations throughout Northeast Ohio and beyond, including Canada, Florida, and Abu Dhabi. With more than 1,000 beds and 3.3 million patient visits each year*, it is one of the largest and most respected hospitals in the country. Annually, people from 80 countries choose to travel to Cleveland Clinic for their care. Cleveland Clinic consistently has been named as one of the nation's best hospitals, and for 15 years, our heart and heart surgery program has been ranked no. 1 in heart care in the country, according to the U.S.News & World Report ""Best Hospitals"" survey. ",Dave Geiger,College Recuiter,"3050 Science Park Drive/AC333aBeachwood, OH 44122",216-448-0608,216-448-0643,geigerd@ccf.org,Full Time;Internship,Bachelors;Masters;Doctoral,,Communication Sciences (disorders)/Cognitive Sciences;Psychology;Sociology;All Sciences;Biochemistry;Biology/Systems Biology/Evolutionary Biology;Chemistry/Natural Sciences;Mathematics/Statistics;Nutrition,,All Weatherhead,Mandel Center for Nonprofit Organizations (G);Mandel School of Applied Social Sciences (social work) (G) ,Y,"Cleveland, OH"
Swagelok Company,http://www.swagelok.com,"Swagelok is a $1.3 billion, privately-held company. Swagelok Company designs, manufactures, and delivers an expanding range of the highest quality fluid system products and solutions. Through an exclusive network of authorized Swagelok sales and service centers Swagelok Company delivers knowledge, resources, innovations, and value to customers worldwide.",Tosin Araba,Corporate Recruiting,31500 Aurora Road,440-649-4113,,tosin.araba@swagelok.com,Full Time;Internship;Co-op,Bachelors;Masters,,,Electrical;Chemical;Computer Engineering;Polymer Science;Fluid and Thermal (G);Materials Science;Mechanical;Systems & Control;Master of Engineering Management (G),Accounting/Accountancy;Finance (G);Operations Research (G);Supply Chain (G);Management -- Finance (U),,N,"Solon, Ohio"
Social Security Administration,http://www.socialsecurity.gov,"Forward thinking. Radical approaches. Surpassing the standard. These are the elements that created one of the world's most successful social insurance programs.For over 65 years, the Social Security Administration has played a part in the lives of nearly everyone you know. Social Security has kept millions of elderly and disabled individuals safe from poverty. With over 90% of the U.S. population covered by Social Security, new challenges require that we question the limits of the status quo, reaching outside of the realm of the usual and standard.",Kathleen Pietro,District Manager,11601 Shaker Blvd.Clevleland OH 44120,216-791-5012,216-791-9139,Kathleen.pietro@ssa.gov,Full Time;Practicum;Internship,Bachelors;Masters,All Majors,,,,,N,Northern Ohio
Epic,http://www.epic.com,"Healthcare is one of the biggest challenges of our time. Epic rises to this challenge by creating award-winning software that helps healthcare organizations provide better care, reduce costs, and improve healthcare. We continue to be at the forefront of real-time, patient record interoperability and are leading the revolution in giving patients access to their own electronic medical records. We're searching for smart, passionate people who want to achieve great things. You will work hard, collaborate with the brightest minds, and do things that make a difference. Located in Madison, WI, Epic is a privately-held software company with over 30 years of success.  We offer both technical and non-technical positions; many of which are open to all majors and all degree levels.",Michelle Kipp,Human Resources,"1979 Milky WayVerona, WI 53593",608-777-5553,608-777-5913,mkipp@epic.com,Full Time,Bachelors;Masters,All Majors,,,,,Y,"Madison, WI"
Bridgestone Americas Center for Research & Technology,http://www.ba-thecenter.com,"Bridgestone Americas Center for Research & Technology is a state-of-the art facility staffed with a multi-disciplinary team of highly trained and experienced scientists.  Our primary mission is to develop advanced materials technology for tires and non-tire products.  Our facility has the reputation of being one of the leading laboratories in the world in the field of polymer synthesis.  We are seeking potential candidates in the fields of material science, polymer science, chemical engineering, analytical, organic or polymer chemistry.  ",Lori Kirby,Human Resources,"1655 S. Main St.Akron, OH  44301",330-379-7573,330-379-7290,kirbylori@bfusa.com,Full Time;Co-op,Bachelors;Masters;Doctoral,,Chemistry/Natural Sciences,Chemical;Materials Science;Polymer Science,,,Y,"Akron, Ohio"
The Ohio State University Department of Biomedical Information,http://biomed.osu.edu/bmi/index.cfm,"Department of Biomedical Informatics: the study and process of efficiently gathering, storing, managing, retrieving, analyzing, communicating, sharing, and applying biomedical information to improve the detection, prevention, and treatment of disease.",Jillian Bickle,Assistant to the Chair: Administrative C,"3190 Graves Hall333 W. 10th AveColumbus, OH 43210",614-292-4778,614-688-6600,jillian.bickle@osumc.edu,Part-Time;Full Time;Internship,Bachelors;Masters;Doctoral,,All Sciences;Mathematics/Statistics,Biomedical;Computer Engineering;Computer Science;All Engineering,,,Y,"Columbus, Ohio"
American Heart Association,http://www.heart.org,"The American Heart Association is a national voluntary health agency whose mission is: ""Building healthier lives, free of cardiovascular diseases and stroke.""",Michelle Ranly,Admin. Coordinator of Special Events,"1689 E. 115th St.Cleveland, OH 44106",216-619-5143,,michelle.ranly@heart.org,Internship,Bachelors,,,,Management -- Marketing (U),,Y,Cleveland
ViaSat Inc,http://www.viasat.com/,"Digital Communication Products for Commercial and Government MarketsViaSat produces innovative satellite and other digital communication products that enable fast, secure, and efficient communications to any location. We bring today’s new communication applications to people out of reach of terrestrial networks, in both the commercial and government sectors, with a variety of networking products:Satellite networks for fixed-site and mobile communicationsSatellite antenna systemsWireless datalinks and terminals for combat situational awarenessInformation security for military networkingMobile IP networking for soldiers Communication microprocessor chipsetsApplication and communication accelerationSatellite network system designCommunication simulation and training systemsConsumer satellite broadband services",Stephanie Miller,Staffing Assistant,"6155 El Camino RealCarlsbad, CA 92009",760-930-3920,760-476-4997,stephanie.miller@viasat.com,Full Time;Internship,Bachelors;Masters;Doctoral,,,Computer Engineering;Electrical;Mechanical;Computer Science,,,Y,"Cleveland, OH; Carlsbad, CA; Atlanta, GA; Phoenix, AZ"
Philips Medical Systems,http://philips.com,"We simplify healthcare by focusing on the people in the care cycle – patients and care providers. Through combining human insights and clinical expertise, we aim to improve patient outcomes while lowering the burden on the healthcare system. Philips delivers advanced solutions for both health professionals, to meet the needs of patients, and empowered consumers for affordable healthcare whether in hospital or at home.   Some product highlights: 256-slice Brilliance iCT scanner, Integrated cath lab, Avalon FM 20 & FM 30 fetal monitors, Ambient Experience MR and CT systems, Philips Lifeline's personal emergency alert service.",Margaret Benoit,Campus Recruiter,"3000 Minuteman RoadAndover, MA 01810",978-659-3203,,Margaret.benoit@philips.com,Full Time;Co-op;Internship,Bachelors;Masters,,Biochemistry,Biomedical;Computer Engineering;Electrical;Engineering Physics (U);Master of Engineering Management (G);Engineering Mechanics (G);All Engineering,MBA (G);Management -- Marketing (U),,Y,US
Bloomberg,http://www.bloomberg.com/careers,"Bloomberg is the world's most trusted source of information for businesses and professionals. Bloomberg combines innovative technology with unmatched analytic, data, news, display and distribution capabilities, to deliver critical information via the BLOOMBERG PROFESSIONAL® service and multimedia platforms. Bloomberg's media services cover the world with more than 2,200 news and multimedia professionals at 146 bureaus in 72 countries. The BLOOMBERG TELEVISION® 24-hour network delivers smart television to more than 240 million homes. BLOOMBERG RADIO® services broadcast via SIRIUS XM Radio and 1worldspaceTM satellite radio globally and on WBBR 1130AM in New York. The award-winning monthly BLOOMBERG MARKETS® magazine, Bloomberg BusinessWeek magazine and the BLOOMBERG.COM® financial news and information Web site provide news and insight to businesses and investors.",Nicole Stelluti,HR Recruiter,"731 Lexington AvenueNew York, NY 10022",212-617-4271,917-369-7039,fsdrecruitment@bloomberg.com,Full Time;Internship,Bachelors;Masters,,,Computer Engineering;Computer Science;All Engineering,,,Y,"New York City and Princeton, New Jersey"
The Institute for Management and Engineering,http://www.mem.case.edu,"The Case School of Engineering and the Weatherhead School of Management have pooled resources via The Institute for Management and Engineering to offer a fully integrated Master of Engineering and Management (MEM) degree that can be completed in only three semesters. Graduates of the MEM program possess skills critical to success in a leadership role, require less management training, and contribute effectively to engineering organizations within their first year on the job.",Ramona David,Admissions and Program Manager,"10900 Euclid Avenue302 Nord HallCleveland, OH 44106-7233",216-368-0596,216-368-0144,rxd47@case.edu,Full Time,Bachelors,,,All Engineering,,,N,"Cleveland, Ohio"
Precision Castparts Corporation,http://www.precast.com,"Precision Castparts Corp., a worldwide manufacturer of complex metal components and products, serves a wide variety of industrial and aerospace applications.PCC is distinguished by preeminent leadership in the markets it serves, the high degree of proprietary technology and technical expertise inherent in its product lines, outstanding management of complex manufacturing processes, and close attention to the creation of shareholder value.",Cory Roclawski,Sr Human Resource Manager,"Precision Castparts Corp.4650 SW Macadam AvenueSuite 440Portland, Oregon 97239-4262",860-445-3125,,croclawski@pccstructurals.com,Full Time;Co-op,Bachelors;Masters,,,Aerospace;Electrical;Materials Science;Mechanical;Master of Engineering Management (G),,,N,US
Target,http://www.target.com/careers,"Expect the Best. At Target, we have a vision: to become the best - the best culture and brand, the best place for growth and the company with the best reputation. We offer an inclusive, collaborative and energetic work environment that rewards those who perform. We deliver engaging, innovative and on-trend experiences for our team members and our guests. We invest in our team members' futures by developing leaders and providing a breadth of opportunities for professional development. It takes the best to become the best, and we are committed to building a team that does the right thing for our guests, shareholders, team members and communities. Minneapolis-based Target Corporation serves guests at stores nationwide and at Target.com. Target is committed to providing a fun and convenient shopping experience with access to unique and highly differentiated products at affordable prices. ",Karen Beneker,Staffing Specialist,"1090 Hansel Ave.Florence, KY 41042",859-372-2025,859-283-9029,Karen.Beneker@target.com,Full Time;Internship,Bachelors;Masters;Doctoral,All Majors,"All Arts, Humanities, & Social Sciences;All Sciences",All Engineering,All Weatherhead,,N,"Ohio, Kentucky, Southern Indiana"
The Kennedy Group,http://www.kennedygrp.com,"The Kenned Group is a leading developer and manufacturer of package labeling, promotional products, tracking and identification solutions. The Kennedy team has grown the business by providing quality products and services to customers in over 40 states and seven countries.  ",Anna Lucas,Admin. Assistant,38601 Kennedy ParkwayWilloughby OH  44094,440-951-7660,440-951-3253,alucas@kennedygrp.com,Full Time;Practicum;Co-op;Internship,Bachelors,,,Electrical;Mechanical,,,N,Northeast Ohio
Microsoft Corporation,http://www.microsoft.com/university,"Headquartered in Redmond, Washington, Microsoft employs thousands of talented people in a wide array of fields. Our core mission: create groundbreaking technology that unleashes creativity, connects businesses, and makes learning more fun. We enable people and businesses throughout the world to realize their full potential. To do this, Microsoft needs people who think big and dream big — people a lot like you. At Microsoft, you get to collaborate with the best and the brightest in the field of technology. Why are they here? To create something that matters.  From operating systems, developer tools, mobile devices, business solutions, home entertainment and applications, we’re ushering in the next generation of computing.  Best of all, you find yourself gaining ground on your professional goals while enjoying the freedom to move around, pick up new skills, and test your talents.     ",Cheryl Malone,Staffing Associate,"One Microsoft WayRedmond, WA 98052",425-706-5741,,cherylm@microsoft.com,Full Time;Internship,Bachelors;Masters;Doctoral,,Mathematics/Statistics;Physics/Astronomy,Computer Engineering;Electrical;Computer Science,,,Y,"Redmond, WA 98052"
"Mental Health Services, Inc.",http://www.mhs-inc.org,"Mental Health Services for Homeless Persons, Inc. (MHS) is a leading provider of crisis care, mental health, and vital supportive services for highly vulnerable populations of the city of Cleveland, and Cuyahoga County, Ohio, USA.  Now in our 23rd year, we are a non-profit organization providing services at 13 sites with a staff of 220 and the efficient use of more than $15 million in revenues.  Last year, 4,463 homeless adults and children participated in our homeless assistance services, and 11,413 children and adults took part in our crisis and trauma intervention services. MHS is certified by the Ohio Department of Mental Health and the Ohio Department of Alcohol and Drug Addiction Services. MHS is accredited by the Commission on Accreditation of Rehabilitation Facilities, and The American Association of Suicidology.    Outcome data demonstrate that MHS programs help clients achieve housing, recovery, and self-determination.",Emily Reichgott,Human Resources Generalist,"1744 Payne AvenueCleveland, Ohio 44114",216-274-3310,216-861-7072,reichgotte@mhs-inc.org,Part-Time;Full Time,Bachelors;Masters;Doctoral,,Psychology;Sociology,,,Mandel Center for Nonprofit Organizations (G);Mandel School of Applied Social Sciences (social work) (G) ,N,"Cleveland, Ohio"
American Greetings Corporation,http://www.corporate.americangreetings.com,"Headquartered in Cleveland, Ohio, American Greetings generates annual revenue of approximately $1.7 billion, with products found domestically and worldwide. The company's major greeting card brands are American Greetings, Carlton Cards, Gibson, Recycled Paper Greetings, and Papyrus, and other paper product offerings include DesignWare party goods, American Greetings and Plus Mark gift-wrap and boxed cards. American Greetings has the largest collection of electronic greetings on the Web, including cards available at AmericanGreetings.com through AG Interactive, Inc. AG Interactive also offers digital photo sharing and personal publishing at PhotoWorks.com and Webshots.com and a one-stop source for online graphics, animations, and more at Kiwee.com. American Greetings also creates and licenses popular character brands through the American Greetings Properties group. For more information visit http://corporate.americangreetings.com.",Christine Mahon,Corporate Recruiter,"One American Rd.Cleveland, OH  44144",216-252-7300,216-252-6590,chris.mahon@amgreetings.com,Full Time;Internship,Bachelors;Masters,,English/Classics/Literature;Psychology;Mathematics/Statistics,Computer Science,Economics;Operations Research (G);Supply Chain (G),,N,"Cleveland, Ohio"
Beech Brook,http://www.beechbrook.org,"Since 1852, Beech Brook has been helping Northeast Ohio’s children and families. Today the 550-member staff serves more than 21,000 children each year through a wide range of mental health services including Residential and Day Treatment; an Intensive Treatment Unit; School- and Community-Based Mental Health Services, Foster Care and Adoption; Family Preservation; Early Childhood Services; Early Intervention and Parenting; and other services to youth and their families. ",Beth Innenberg,Mgr. Recruitment & Training,"3737 Lander RoadPepper Pike, OH  44124",216-831-2255,216-831-2776,binnenberg@beechbrook.org,Part-Time;Full Time;Internship,Bachelors;Masters,,"All Arts, Humanities, & Social Sciences",,,Mandel Center for Nonprofit Organizations (G);Mandel School of Applied Social Sciences (social work) (G) ,N,"Cleveland, OH"
National Instruments,http://www.ni.com/careers,"National Instruments, a technology pioneer and industry leader in virtual instrumentation since 1976, delivers LabVIEW graphical software and open, modular instrumentation hardware for design, simulation, control, test, and manufacturing. Engineers and scientists in hundreds of industries use flexible, high-performance NI products to create reliable user-defined systems throughout the product design cycle to reduce time to market and lower development costs. Headquartered in Austin, Texas, NI has more than 5,000 employees worldwide and direct operations in more than 40 countries. NI is frequently recognized for its friendly and inspiring work environment by such publications as FORTUNE, BusinessWeek, and Electronic Design. ",Megan King,HR Recruiting Specialist,"11500 N Mopac ExpwyAustin, Texas 78759",512-683-8358,512-683-7758,Megan.King@ni.com,Full Time;Co-op;Internship,Bachelors;Masters,,Physics/Astronomy,Aerospace;Biomedical;Computer Engineering;Electrical;Engineering Physics (U);Mechanical;Computer Science,,,Y,"Austin, Texas"
"Oriana House, Inc.",http://www.orianahouse.org,Oriana House provides quality and humane chemical dependency treatment and community corrections services to clients while contributing to safer communities.,Monique L. Willis,Recruitment Coordinator,"Oriana House, IncP.O. Box 1501Akron, OH 44309",330-535-8116,330-996-2233,MoniqueLWillis@orianahouse.org,Part-Time;Full Time;Internship,Bachelors;Masters,,"All Arts, Humanities, & Social Sciences;Political Science;Psychology;Sociology",,,Mandel Center for Nonprofit Organizations (G);Mandel School of Applied Social Sciences (social work) (G) ,Y,East Cleveland
Rosetta,http://www.osetta.com,"Rosetta is the largest independent interactive agency in the country. Our Personality®-based segmentations uncover the drivers of brand choice and product usage. Rosetta’s industry- focused marketers, world-class technology teams and creative teams translate those insights into relevant marketing solutions that attract, retain and deepen a brand’s best customer relationships. ",Julie Fratus,Recruiter,"3700 Park East Dr.Beachwood, OH 44122",216-352-5830,,julie.fratus@rosetta.com,Full Time;Co-op,Bachelors;Masters,,,Computer Engineering;Systems & Control;Computer Science,Management -- Marketing (U),,N,"Cleveland, OH"
Famicos Foundation,http://www.famicos.org,"Famicos Foundation is a not-for-profit affordable housing and social service provider.We have created over 1,000 homes for those most in need – low wage-earning families, seniors, the chronically homeless and those with disabilities.  Our services are tailored to meet varied needs and include, but are not limited to case management, food distribution, health and wellness screenings, emergency utility assistance and home repair, foreclosure prevention, education and youth development.  Famicos Foundation  has  a 12 member Board of Trustees and a staff of 42 full-time employees.  For many years, we have enlisted the talents and commitment of hundreds of volunteers and funders to make projects happen for the neighborhoods we serve. Our supporters and volunteers provide extra-curricular activities for our children; they participate in neighborhood beautification projects, build playgrounds, help seniors with landscaping, and prepare tax returns for low-wage earning families.  ",Amy Eiben,Marketing Manager,"1325 Ansel RoadCleveland, OH  44106",216-791-6476,216-791-6485,aeiben@famicos.org,Part-Time;Full Time;Internship,Bachelors;Masters;Doctoral,,"All Arts, Humanities, & Social Sciences;Art History/Art Education;Political Science;Psychology;Sociology;Teacher Education",,Accounting/Accountancy;Finance (G);Positive Organizational Development (G);Management -- Marketing (U),Mandel Center for Nonprofit Organizations (G);Mandel School of Applied Social Sciences (social work) (G) ,Y,The City of Cleveland - Glenville/Hough Neighborhoods
City Year Cleveland,http://cityyear.org/cleveland,"City Year is a nonprofit organization that unites young people of all backgrounds for a demanding year of full-time service, giving them the skills and opportunities to change the world.  As tutors, mentors, and role models, these idealistic leaders make a difference in the lives of children and transform schools and neighborhoods across the U.S. ,Johannesburg, South Africa and in London, United Kingdom. City Year is a proud member of AmeriCorps.",Carlos A. Taylor Sr.,Recruitment Director,"526 Superior Avenue Suite #408.  Cleveland Ohio, 44114",216-373-3402,216-373-3401,clevelandrecrutiment@cityyear.org,Full Time,Bachelors;Masters;Doctoral,All Majors,"All Arts, Humanities, & Social Sciences",All Engineering,All Weatherhead,Mandel Center for Nonprofit Organizations (G);Mandel School of Applied Social Sciences (social work) (G) ,N,United States of America
US Army Healthcare,http://healthcare.amedd.go,"World wide healthcare organzation, in search of qualified medical professionals. Also in search of students intrested in attending medical and dental school, on full scholarship.",Andrew,Hartsoe,"7550 Lucerne Dr. Suite 101Middleburg Heights, Ohio 44130",440-891-1800,440-891-1823,andrew.hartsoe@usarec.army.mil,Full Time,Bachelors;Masters;Doctoral,,Psychology;All Sciences;Biochemistry;Biology/Systems Biology/Evolutionary Biology;Chemistry/Natural Sciences;Nutrition,,,Mandel School of Applied Social Sciences (social work) (G) ,N,Worldwide
Cincinnati Children's Research Foundation,http://www.cincinnatichildrens.org,"Cincinnati Children's Hospital Medical Center is dedicated to serving the health care needs of infants, children and adolescents, and is one of the nation's top pediatric care, education, and research institutions. Cincinnati Children's Research Foundation is the largest pediatric research program in the Midwest conducting basic, translational, and clinical research.","Kenneth A. Leslie, PhD",Scientist Recruiter,"MLC 70013333 Burnet AvenueCincinnati, OH 45229-3039",513-636-2532,513-636-2066,kenneth.leslie@cchmc.org,Full Time,Bachelors;Masters;Doctoral,,Psychology;Biochemistry;Biology/Systems Biology/Evolutionary Biology;Chemistry/Natural Sciences;Mathematics/Statistics,Biomedical,,Mandel School of Applied Social Sciences (social work) (G) ,Y,"Cincinnati, OH"
Rockwell Automation,http://www.rockwellautomation.com/oncampus,"At Rockwell Automation, helping manufacturers succeed is our business.  With industrial automation control and information solutions, we help our customers develop the competitive edge to grow and thrive. With over 100 years of exemplary performance, we have a best-in-class market share in the U.S. and a 4.8 billion global footprint in over 80 countries.Flagship Brands:  Allen-Bradley & Rockwell SoftwareTotal Number of Employees:  20,000+ ",Katie Hale,University Relations Coordinator,"1201 S. 2nd StreetMilwaukee, WI 53204",414-382-0349,,kkhale@ra.rockwell.com,Full Time;Co-op;Internship,Bachelors;Masters,,,Computer Engineering;Electrical;Mechanical;Systems & Control;Computer Science,Accounting/Accountancy;Supply Chain (G);Management -- Finance (U),,N,"Nationwide, WI, OH"
STERIS Corporation,http://www.steris.com,"STERIS is a $1B+, publicly traded (NYSE) organization of over 5000 employees and is dedicated to providing innovative infection prevention, decontamination, and health science technologies, products and services.  STERIS Corporation is an equal opportunity/affirmative action employer.",Stephen Webster,Senior Recruiting Representative,"5960 Heisley RoadMentor, OH 44060",440-392-7236,,stephen_webster@steris.com,Full Time,Bachelors;Masters;Doctoral,,Biochemistry;Biology/Systems Biology/Evolutionary Biology;Chemistry/Natural Sciences,Electrical;Mechanical;Computer Science,All Weatherhead,,N,"Mentor, OH"
General Electric Company,http://www.ge.com/careers,"GE is a diversified infrastructure, finance and media company taking on the world's toughest challenges. From aircraft engines and power generation to financial services, medical imaging, and television programming, GE operates in more than 100 countries and employs about 300,000 people worldwide.",Dale Mikol,Campus Recruiting Leader,"1975 Noble RoadBldg 335CEast Cleveland, Ohio44112",216-266-9746,216-266-2819,dale.mikol@ge.com,Full Time;Co-op;Internship,Bachelors;Masters;Doctoral,,,Aerospace;Chemical;Computer Engineering;Electrical;Engineering Physics (U);Fluid and Thermal (G);Macromolecular Science (G);Materials Science;Mechanical;Polymer Science;Systems & Control;Master of Engineering Management (G);Computer Science;Engineering Mechanics (G),,,N,Various
The Goodyear Tire & Rubber Company,http://www.goodyear.com,"Goodyear is one of the world's largest tire companies. A Fortune 500 company, we employ nearly 70,000 people and manufacture our products in 57 facilities in 23 countries around the world. We have built our foundation on a commitment to forward-thinking innovation, and our industry-leading new product engine helps us bring new products to market that feature the latest advances in materials and technologies. At Goodyear, we embrace the diversity of our workforce and value the contribution of our employees. We strive to provide associates with a safe work environment, the resources they need to do their jobs and ample opportunities for growth. These objectives, coupled with competitive compensation and benefits, allow us to foster an environment where associates can work to achieve their full potential and contribute to the company's success. For more information, go to www.goodyear.com.",Natalie Smith,Campus Team Associate,"3401 Technology Drive      Findlay, OH                             45840 ",866-713-0051,,natalie.smith@rightthinginc.com,Full Time;Co-op;Internship,Bachelors;Masters,,,All Engineering,,,N,"Akron, OH"
Internal Revenue Service,http://www.irs.gov,"Bring your talents to an organization making your nation stronger everyday. The IRS’s work funds America, and our dedicated employees make it all possible. You’ll be challenged, supported and will enjoy work-life balance. The IRS is one of the largest financial institutions in the world with one of the most well-trained workforces anywhere. While working at the IRS, you may choose to explore a career path offering unexpected and exciting opportunities – such as analyst positions, jobs in the technical field, management positions or a career as an IRS executive. Where you go is up to you.",Peggy Nypaver,Corporate Recruiter,"200 N. High Street, Room 403, Columbus, OH  43215",614-280-8864,,Margaret.I.Nypaver@irs.gov,Full Time,Bachelors;Masters,,,,Accounting/Accountancy;All Weatherhead,,N,Toledo and many other locations nationwide
OverDrive Inc. ,http://www.overdrive.com/,"OverDrive provides world-class infrastructure for distributing premium digital content. We empower publishers, enterprises, libraries, schools, and retailers to maximize their presences in the digital world by enabling them to securely manage, protect, and lend or sell digital audiobooks, eBooks, music, and videos. If you want a career that is challenging and allows you to stretch and flex those brain muscles you've worked so hard to build--while having some fun as well--consider joining OverDrive. The digital entertainment industry is evolving rapidly and you would have the chance to dive right in and make a difference. What that means is that early in your career at OverDrive, you would have the opportunity to manage mission-critical projects. Your success, and your team's, is cause for celebration, earning you the respect of the industry and the gratitude of the millions of people who use the products we create.",Mike Dresch,Corporate Recruiter,"8555 Sweet Valley Drive Cleveland, OH 44125",216-573-6886,,mdresch@overdrive.com,Full Time;Co-op;Internship,Bachelors;Masters,,Communication Sciences (disorders)/Cognitive Sciences;English/Classics/Literature,Computer Engineering;Computer Science;All Engineering,All Weatherhead,,N,"Valley View, Ohio"
Alcoa,http://www.alcoa.com,"Alcoa is the world’s leading producer of primary aluminum, fabricated aluminum and alumina. In addition to inventing the modern-day aluminum industry, Alcoa innovation has been behind major milestones in the aerospace, automotive, packaging, building and construction, commercial transportation, consumer electronics and industrial markets over the past 120 years. Among the solutions Alcoa markets are flat-rolled products, hard alloy extrusions, and forgings, as well as Alcoa® wheels, fastening systems, precision and investment castings, and building systems in addition to its expertise in other light metals such as titanium and nickel-based super alloys. Alcoa has been a member of the Dow Jones Sustainability Index for nine consecutive years and approximately 75 percent of all of the aluminum ever produced since 1888 is still in active use today. Alcoa employs approximately 59,000 people in 31 countries across the world. ",Mitzi Chiple,Recruiter,"6450 Rockside Woods Blvd S.Suite 350Independence, OH 44131",216-641-4408,216-641-5353,mitzi.chiple@alcoa.com,Full Time;Internship,Bachelors,,,Aerospace;Computer Engineering;Electrical;Materials Science;Mechanical;Master of Engineering Management (G),Accounting/Accountancy;Organizational Behavior (G);Supply Chain (G);Management -- Finance (U);Management -- Marketing (U),,Y,United States 
The Goodyear Tire & Rubber Company,http://www.goodyear.com,"Goodyear is one of the world's largest tire companies. A Fortune 500 company, we employ nearly 70,000 people and manufacture our products in 57 facilities in 23 countries around the world. We have built our foundation on a commitment to forward-thinking innovation, and our industry-leading new product engine helps us bring new products to market that feature the latest advances in materials and technologies. At Goodyear, we embrace the diversity of our workforce and value the contribution of our employees. We strive to provide associates with a safe work environment, the resources they need to do their jobs and ample opportunities for growth. These objectives, coupled with competitive compensation and benefits, allow us to foster an environment where associates can work to achieve their full potential and contribute to the company's success. For more information, go to www.goodyear.com.",Natalie Smith,Campus Team Associate,"3401 Technology Drive  Findlay,OH 45840",866-713-0051,,natalie.smith@rightthinginc.com,Full Time;Internship,Bachelors;Masters,,,Computer Engineering;Computer Science,,,N,"Akron,OH"
The Timken Company,http://www.timken.com,"Wherever there is motion, you'll find Timken at work. Timken is one of the world's leading producers of highly engineered antifriction bearings and related products and services and alloy steel and components. We help create, transfer and control power, putting our friction management and power transmission technologies to work across a broad industry spectrum. Timken has operations in 26 countries on six continents, and our team of 17,000 employees is dedicated to improving our customers' performance in a variety of applications. Timken is Where You Turn™ for better performance.  Looking for a rewarding career? Timken is where you turn.",Pedro Velis,Manager - University Relations,"1835 Deuber Ave BIC-11Canton, Oh 44706",330-471-3182,330-471-4289,university.relations@timken.com,Internship,Bachelors,,,Aerospace;Chemical;Electrical;Materials Science;Mechanical;Computer Science,Accounting/Accountancy;Finance (G);Supply Chain (G);Management -- Finance (U);Management -- Marketing (U),,N,"Canton, Oh"
Center for Civic Engagement & Learning,http://studentaffairs.case.edu/civicengagement/,The mission of the Center for Civic Engagement & Learning (CCEL) is to create an engaged campus by providing and supporting opportunities for community service and collective action while promoting civic awareness and leadership.  CCEL coordinates both volunteer and paid opportunities for Case Western Reserve University students throughout the year. ,Angela Lowery,Student Service Coordinator,Thwing Center A-05,216-368-6960,216-368-0839,als138@case.edu,Internship,Bachelors,All Majors,,,,,Y,"Cleveland, Ohio"
Wellman Hill Political Science Internship Grants,http://politicalscience.case.edu/wellman/index.htm,"Wellman Hill Political Science Internship Grants are made possible by a generous gift from Elizabeth Hill (B.A., M.A. 1997) to honor her grandfather, Wellman Hill. They are intended to enable Political Science majors to accept public service summer internships that financial limitations might otherwise force them to decline. The selection committee is prepared to give five students up to $4000 each.  ",Elliot Posner,Associate Prof. of Political Science,"Dept. of Political ScienceCWRU10900 Euclid Ave.Cleveland, Ohio 44106",216-368-1015,,eap26@case.edu,Internship,Bachelors,,Political Science,,,,Y,anywhere
MIM Software Inc.,http://www.mimsoftware.com,"MIM Software Inc. provides practical imaging solutions in the fields of radiation oncology, radiology, nuclear medicine, neuroimaging, and cardiac imaging.  MIM offers solutions for PC and Mac workstations, as well as mobile iOS and cloud-based platforms.  MIM sells its products globally to imaging centers, hospitals, specialty clinics, research organizations, and pharmaceutical companies.",Pete Simmelink,Operations,"25200 Chagrin Blvd. Suite 200Cleveland, OH 44122",216-455-0600,216-455-0601,jobs@mimsoftware.com,Full Time;Co-op;Internship,Bachelors;Masters,,,Computer Engineering;Computer Science,,,N,"Cleveland, OH"
"Keithley Instruments, Inc.",http://www.keithley.com,"Keithley Instruments, Inc. designs, develops, manufactures and markets complex electronic instruments and systems geared to the specialized needs of electronics manufacturers for high-performance production testing, process monitoring, product development and research. The Company has approximately 500 products used to source, measure, connect, control or communicate direct current (DC), or optical signals. Product offerings include integrated systems solutions, along with instruments and personal computer (PC) plug-in boards that can be used as system components or stand-alone solutions. The Company's customers are engineers, technicians and scientists in manufacturing, product development and research functions. ",Sabrina Kropp,Corporate Training Manager,"28775 Aurora RdSolon, OH 44139",440-248-0400,440-248-6168,skropp@keithley.com,Co-op,Bachelors;Masters,,,Computer Engineering;Electrical;Computer Science,,,Y,"Cleveland, OH"
Peace Corps,http://www.peacecorps.gov/,"Peace Corps service is a life-defining leadership experience. Since 1961, the Peace Corps has shared with the world America's most precious resource – its people. Volunteers serve in 77 countries in Africa, Asia, the Caribbean, Central and South America, Europe, and the Middle East. Peace Corps Volunteers live, learn, and work with a community overseas for 27 months, providing technical assistance in six program areas: education, youth and community development, health, business and information and communications technology, agriculture, and environment.To apply, you must be at least 18 years of age and a US citizen.",Annabel Khouri,Recruiter,"14837 Detroit Ave, #372Lakewood, OH 44107",216-527-8170,,akhouri@peacecorps.gov,Part-Time,Bachelors;Masters;Doctoral,All Majors,,,,,N,"Africa, Latin Amer, Asia, Pacific, Eastern Europe, Caribbean"
DataBasics Inc,http://www.databasics.com,"Data-Basics creates, sells, installs  and supports its integrated service management software, facilities management software, job costing, accounting and field service software.  For more than thirty six years, thousands of users have relied on our software solutions from a wide range of industries, including: HVAC, field service, telecom, construction, facilities maintenance, national accounts and many more.  Headquartered in the Cleveland area (and founded by CWRU graduates), DataBasics is an exciting place to work.  We are looking for energetic talent to help us create and re-engineer our products so that we can maintain our lead in our industry.  ",David Jack,President,9450 Midwest AveGarfield Hts OH 44125,216-663-5600,,djack@databasics.com,Full Time;Internship,Bachelors;Masters,,Mathematics/Statistics,Computer Engineering;Computer Science,,,N,"Garfield Heights, OH"
Attevo,http://www.attevo.com,"Attevo is a global business and information technology consulting firm. Our purpose is to increase our clients' profitability, service and quality by helping them leverage technology to improve their business focus, processes and relationships with their customers, partners and employees.",Adrianne Houston,Technical Recruiter,"1375 E. 9th street, suite 2500Cleveland, Ohio 44114",216-928-2800,,ahouston@attevo.com,Full Time,Bachelors,,,Computer Engineering;Computer Science,MBA (G),,Y,"Cleveland, OH"
"TOA Technologies, Inc",http://www.toatech.com,"TOA Technologies is the leading provider of Cloud-based mobile workforce management applications for large and medium-sized enterprises. TOA's patented platform improves customer service while dramatically reducing operational costs and delivering immediate return on investment. As the industry's only complete on-demand solution using predictive, time-based analytics, TOA reduces customer wait times while increasing field workforce efficiency. TOA's system deploys quickly, is highly configurable and is easily integrated with existing CRM solutions. Named Best of Breed and Visionary solution in Gartner's 2010 Magic Quadrant for Field Service Management and 2010 Weatherhead 100 #1 Top Growth Company in Northeast Ohio.  TOA Technologies is headquartered in the United States and has offices in Europe and Latin America. ",Jeff Walker,Recruiting Manager,"3333 Richmond RdBeachwood, OH  44122",216-925-5985,,jeff.walker@toatech.com,Full Time;Co-op;Internship,Bachelors;Masters,,,Computer Engineering;Computer Science,,,N,none at this time
Ariel Corporation,http://www.arielcorp.com,"Ariel Corporation is a rapidly growing, dynamic and innovative manufacturer of gas compression equipment.  We set the standard through Design Integrity, Technology, Manufacturing Excellence, Relationships, Customer Support, and Traditions.  Our work environment of teamwork, flexibility, continuous improvement, and ongoing employee development make Ariel an ideal work setting to take your career to the next level in an open and fun atmosphere.",Valerie Sigman,College Recruiter,"35 Blackjack RoadMt. Vernon, OH  43050",740-397-0311,740-397-3856,vsigman@arielcorp.com,Full Time;Co-op,Bachelors;Masters,,,Fluid and Thermal (G);Mechanical,,,N,"Mt. Vernon, OH "
"Hyland Software, Inc.",http://www.hyland.com/careers,"Hyland Software, we’re not like other software companies. We’re a smart group of techno-geeks fanatical about helping our customers make their paper and information work harder. Oh yeah, we like to have a little fun along the way, too. Developers of OnBase and providers of professional services, Hyland calls Cleveland, Ohio, home. Our story is one of relentless resourcefulness, always looking for a way to deliver a simpler, more seamless solution.Hyland offers dynamic, rewarding career opportunities in a variety of areas across our organization. These careers are in specialties as diverse as software engineering, quality assurance, software testing, technical support, implementation services, solution consulting, sales, marketing and more. And what’s even better? Hyland is growing! Please visit http://hyland.com/careers to get an inside view of who we are and why Hyland is a great place to work.  ",Sarah Justice,Recruiter,"28500 Clemens RdWestlake, OH 44145",440-788-4898,440-788-4998,sarah.justice@hyland.com,Full Time;Co-op;Internship,Bachelors;Masters,,,Computer Engineering;Computer Science,MBA (G),,Y,"Westlake, OH"
Cleveland Sight Center Highbrook Lodge,http://www.ClevelandSightCenter.org,"Cleveland Sight Center Highbrook Lodge is Ohio's camp for children, families, and adults who are blind or have low vision. Established in 1928, Highbrook Lodge focuses on orientation and mobility, using adaptive technologies, and all programming includes an emphasis towards independent living skills. Traditional camp activities are adapted to be inclusive including arts and crafts, swimming, music, dance, sports and recreation. Come and see camp differently!",Bob Kochmit,Camp Manager,"Cleveland Sight Center1909 East 101st StreetCleveland, OH 44106",216-658-4596,216-791-1101,rkochmit@ClevelandSightCenter.org,Part-Time;Full Time;Practicum;Internship,Bachelors,,"All Arts, Humanities, & Social Sciences",,,,Y,"Chardon, Ohio"
Integrated Mill Systems,http://www.integratedmillsystems.com/,"Integrated Mill Systems, Inc. (IMS) was founded in 1992 for the purpose of providing process control and automation engineering to the Steel Industry independent of specific Electrical or Mechanical equipment suppliers.  By remaining independent, IMS can offer the most efficient, cost effective, and open automation systems and process control solutions based upon the customer and project requirements, not upon a proprietary product line.  The customer, by not being locked into a proprietary system, has the flexibility and freedom of maintaining or modifying their system independently.Integrated Mill Systems is looking for automation and controls engineers for our main office in Eastlake, Ohio, as well as for our satellite office in the Pittsburgh area.  You will be using state of the art technology available from companies like Rockwell, Siemens, ABB, GE Fanuc and others.",John Bennardo,Project Engineer,"34525 Melinz ParkwayEastlake, OH 44095",440-918-9900,440-918-9901,jbennardo@integratedmillsystems.com,Full Time;Co-op,Bachelors;Masters,,,Chemical;Computer Engineering;Electrical;Systems & Control,,,Y,"Eastlake, OH and Pittsburgh, PA"
The MetroHealth System,http://www.metrohealth.org,"MetroHealth is an academic health care system committed to our communities by saving lives, restoring health, promoting wellness, and providing outstanding, life-long care accessible to all.",Brett Erhardt,Jr. Financial Planning Analyst,4229 Pearl Road,216-957-2585,216-957-2104,berhardt@metrohealth.org,Part-Time;Full Time;Practicum;Co-op;Internship,Bachelors;Masters,,All Sciences;Mathematics/Statistics,Computer Science,All Weatherhead,Mandel Center for Nonprofit Organizations (G),N,"Cleveland, OH"
Concurrent Computer Corporation,http://www.ccur.com,"Concurrent’s data collection and management software empowers service providers to make sense of viewer and content consumption and operational data, and harness the full potential of the video stream. Based on a deployed advanced media data infrastructure and working with industry-leading partners in the audience measurement and analytics domains, service operators are able to identify new opportunities for video revenue growth. Concurrent's unique portfolio offers census-level, cross-medium, and cross-services data management solutions which are deployed in 265 international markets and cover over 32 million digital households worldwide. In North America, Concurrent's data solutions cover 80% of the on-demand footprint.",Will Lazzaro,Director of Engineering - MDAS,"30775 Bainbridge Rd., Suite 100Solon OH,  44139",440-519-8271,,william.lazzaro@ccur.com,Full Time;Practicum;Co-op;Internship,Bachelors;Masters;Doctoral,,Mathematics/Statistics;Physics/Astronomy,All Engineering,,,Y,Solon Oho
"Acumen Solutions, Inc.",http://www.acumensolutions.com,"Acumen Solutions, a leading international consulting firm since 1999, helps the Fortune 500 and government agencies solve their complex business and technology problems. We are expanding our footprint to the mid-west and opening a Technology Center in Cleveland, Ohio. Initially, this Technology Center will deliver critical development and support solutions to our project teams across the U.S. and in Europe. Beginning in 2011, we will also provide our traditional consulting services and full solution set to clients throughout the mid-west. ",Larry Fisher,Sr. Recruiter,"Independence Center6100 Oak Tree Blvd, Ste 200Independence, Ohio 44131",216-328-2182,,lfisher@acumensolutions.com,Full Time,Bachelors,,,Computer Engineering;Computer Science,,,Y,"Cleveland, Ohio"
"Fives North American Combustion, Inc.",http://www.namfg.com,"The need for combustion touches nearly every consumer product at some point in its production process; the resources for and products of combustion are global by their very nature.Through a comprehensive array of burner products, process controls, and installation and engineering services, we offer our customers increased production, improved quality, high efficiency, and low environmental emissions.From designing melting furnaces for aluminum recycling to low NOx steam generation for enhanced oil recovery, Fives North American Combustion is known as one of the most trusted names in combustion worldwide.","John J. Nowakowski, P.E.",Combustion Engineer,"4455 East 71stCleveland, OH 44105",216-271-6000,216-641-7852,john.nowakowski@fivesgroup.com,Full Time;Co-op;Internship,Bachelors;Masters;Doctoral,,Chemistry/Natural Sciences;Mathematics/Statistics;Physics/Astronomy,Aerospace;Chemical;Computer Engineering;Electrical;Engineering Physics (U);Fluid and Thermal (G);Mechanical;Systems & Control;Computer Science,,,Y,"Cleveland, Ohio (USA)"
Northeast Ohio Council on Higher Education-NOCHE/NEOintern,http://www.neointern.net,"The Northeast Ohio Council on Higher Education's talent development initiative, NEOintern offers students, higher education institutions and employers a breadth of internship-related services, including our state-of-the-art online internship database. Students and employers connect online using the NEOintern.net system, which allows students to post profiles and resumes and Northeast Ohio employers to post unlimited internships. The database is free to use for students AND employers!",Brenda Davis Smith,Program Manager,"1422 Euclid AvenueSuite #840Cleveland, OH 44115",216-420-9200,216-420-9292,bdavissmith@noche.org,Practicum;Co-op;Internship,Bachelors;Masters;Doctoral,All Majors,,,,,Y,Throughout Northeast Ohio (16 counties)
"Phycal, Inc.",http://www.phycal.com,"Phycal is developing an integrated production system for growing algae and extracting energy products, primarily algal oil. This oil can be converted to renewable “green” jet fuel and diesel, biodiesel, fuel oil blends, and other products. Phycal’s strategic approach combines innovative technology and system engineering with a business focus on producing oil at a market competitive price. Phycal was recently awarded $24M from the Department of Energy","Bernadette Armbruster, PHR",Director of Human Resources,"51 Alpha ParkHighland Height, Ohio 44143",440-460-2499,440-460-2478,bernadette.armbruster@phycal.com,Co-op;Internship,Bachelors;Masters,,Biochemistry;Biology/Systems Biology/Evolutionary Biology;Chemistry/Natural Sciences,Biomedical;Chemical;Civil;Engineering Physics (U);Fluid and Thermal (G);Mechanical;Systems & Control,,,Y,"Cleveland, Ohio"
"RosmanSearch, Inc.",http://www.rosmansearch.com,"RosmanSearch, Inc. is a neurosurgical and neurocritical care physician recruitment firm. We work with hospitals across the country to find them the right specialist for their program.",Beth Dery,Recruiting and Operations Manager,"30799 Pinetree Road, #250Pepper Pike, OH 44124",216-287-2302,,bdery@rosmansearch.com,Full Time;Internship,Bachelors;Masters,All Majors,,,,,N,"Cleveland, Ohio"
Ohio Citizen Action,http://ohiocitizen.org/,"Since 1975 Ohio Citizen Action has been fighting for clean air, clean water, and healthier neighborhoods.  Our organization of 80,000 members across the state has been winning campaigns for 35 years.  We've passed toxic chemical right to know laws, exposed campaign contributions and political corruption in Ohio, helped pass a federal pesticide law to protect drinking water, reduced air pollution by convincing major polluters to upgrade facilities, and have trained generations of activists and community leaders.  ",Sarah Batke,Office Manager,"614 W. Superior Ave. Ste. 1200Cleveland, OH 44113",216-861-5200,,sbatke@ohiocitizen.org,Part-Time;Full Time;Internship,Bachelors,All Majors,"All Arts, Humanities, & Social Sciences;Anthropology;Art History/Art Education;Communication Sciences (disorders)/Cognitive Sciences;English/Classics/Literature;History;Interdisciplinary Programs and Modern Languages;Music/Music Education/Theatre/Dance;Philosophy/Religious Studies;Political Science;Psychology;Sociology;Teacher Education;All Sciences;Biochemistry;Biology/Systems Biology/Evolutionary Biology;Chemistry/Natural Sciences;Geology/Environmental Studies;Mathematics/Statistics;Nutrition;Physics/Astronomy",,,Mandel Center for Nonprofit Organizations (G);Mandel School of Applied Social Sciences (social work) (G) ,N,"Cleveland, OH"
Prudential,http://www.prudential.com,"Prudential Financial, Inc, (NYSE: PRU), a financial services leader with approximately $750 billion of assets under management as of September 30, 2010, has operations in the United States, Asia, Europe and Latin America.  Prudential’s businesses offer a variety of products and services, including life insurance, annuities, retirement-related services, mutual funds, investment management, and real estate services. Leveraging its heritage of life insurance and asset management expertise, Prudential is focused on helping approximately 50 million individual and institutional customers grow and protect their wealth. ",Veronica Vecchio,"Manager, Agency Recruiter","5875 Landerbrook DriveSuite 110Mayfield Hts, Ohio 44124",440-684-4409,440-684-0492,veronica.vecchio@prudential.com,Full Time;Co-op;Internship,Bachelors;Masters,All Majors,,,Accounting/Accountancy;Economics;Finance (G);MBA (G);Management -- Finance (U);Management -- Marketing (U),,N,Northeast Ohio
Nordson Corporation,http://www.nordson.com,"Nordson is the leader in precision dispensing equipment for applying industrial liquid and powder coatings, adhesives, and sealants to numerous consumer and industrial products during manufacturing operations. Nordson solutions also include test and inspection equipment and curing and surface preparation systems. We operate in 30+ countries around the world.",Dawn Schrenk,Senior Human Resources Administrator,"300 Nordson DriveAmherst, Ohio 44001",440-985-4286,440-985-1948,dschrenk@nordson.com,Full Time;Co-op;Internship,Bachelors,,"All Arts, Humanities, & Social Sciences;Chemistry/Natural Sciences;Mathematics/Statistics",Chemical;Computer Engineering;Electrical;Mechanical;Master of Engineering Management (G);Computer Science;Engineering Mechanics (G),All Weatherhead,,N,Worldwide
Federal Aviation Administration,http://www.faa.gov,"The Federal Aviation Administration (FAA) is responsible for the safety and certification of aircraft and pilots, for the around-the-clock operation of our nation's air traffic control system, and for the regulation of U.S. commercial space transportaiton",Susan Bagby,Mgmt. & Program Analyst,"901 Locust StreetKansas City, MO  64106",816-329-2969,816-329-2972,susan.bagby@faa.gov,Full Time;Internship,Bachelors;Masters;Doctoral,All Majors,,,,,N,Throughout the United States
MTD Products Inc,http://www.mtdproducts.com,"MTD Products Inc is a world leader in the design, manufacture, and sales of outdoor power equipment, off-highway transmissions, and consumer goods. As a multinational privately held company, MTD provides high quality consumer goods through mass merchants and independent retail networks. Although you may not know the name MTD Products, you know us through our brands; Cub Cadet, White Outdoor Products, Yard-Man, Yard Machines, Bolens, and Troy Bilt. We help people make their yards beautiful.",Dan Loar,Staffing Manager,"5903 Grafton Rd.Valley City, OH 44280",330-558-3526,,dan.loar@mtdproducts.com,Full Time;Internship,Bachelors,,,Electrical;Mechanical;Computer Science,Accounting/Accountancy;Economics;Finance (G);MBA (G);Operations Research (G);Organizational Behavior (G);Positive Organizational Development (G);Supply Chain (G);All Weatherhead;Management -- Finance (U);Management -- Marketing (U),,N,"Cleveland, OH"
Federal Deposit Insurance Corporation,http://FDIC.gov,"The FDIC is a federal regulatory agency that was created by Congress to insure bank depositors.  As insurer of bank deposits, our function is to examine banks to ensure they are financially sound and complying with various consumer laws and regulations. ",Kevin D. Jackson,Corporate Recruiter,"7965 North High StreetSuite 250Columbus, Ohio 43235",614-284-4625,614-985-3078,kjackson@fdic.gov,Full Time;Co-op,Bachelors;Masters;Doctoral,,,,Accounting/Accountancy;Finance (G);Management -- Finance (U),,N,Nationwide
Avvenire Solutions,http://www.avvenireinc.com,"Avvenire Solutions is a Cleveland based IT consulting company.  As a Microsoft Gold Certified Partner, we provides solutions for our clients that center on collaboration, business intelligence, network infratstructure and unified communications.  At Avvenire Solutions, you will have the opportunity to demonstrate and develop your technical skills working on challenging engagements with talented colleagues in a variety of environments. Avvenire uses the latest Microsoft technologies to create business solutions for some of the area's most successful and interesting organizations. Our focus is on local, onsite projects and in-house development engagements with minimal or no travel requirements. ",Jeff Beck,Managing Partner,"6800 W. Snowville Rd.Suite 220Brecksville, OH 44141",440-792-5243,440-792-5247,jbeck@avvenireinc.com,Full Time;Co-op;Internship,Bachelors,,,Computer Engineering;Computer Science,All Weatherhead,,Y,"Brecksville, OH"
Battelle Memorial Institute,http://Battelle.org,"Battelle is an international science and technology enterprise that explores emerging areas of science, develops and commercializes technology, and manages laboratories for customers.  Battelle supports community and education programs to promote an enhanced quality of life for our community neighbors.ENERGY  - HEALTH & LIFE SCIENCES - NATIONAL SECURITY & DEFENSE- LABORATORY MANAGEMENT - COMMUNITY & EDUCATION  These key businesses integrate capabilities across Battelle, including the national laboratories we manage or co-manage for the U.S. Department of Energy and the U.S. Department of Homeland Security, to create greater value for our customers, the nation and, ultimately, the global community. Innovative businesses see the future - and make it better. Battelle is investing today in key initiatives that will deliver a safer, healthier, and more productive tomorrow. ",Annelle Anderson,Univeristy Relations,"505 King Ave.Columbus, Ohio 43201 ",614-424-4422,614-458-4422,andersona@battelle.org,Full Time;Co-op;Internship,Bachelors;Masters,,,Chemical;Electrical;Materials Science;Mechanical;Systems & Control,,,N,"Columbus, Ohio"
Explorys,http://explorys.com,"Formed in partnership with the Cleveland Clinic, Explorys provides a secure cloud-computing platform specialized for the healthcare industry. We empower our customers to accelerate research and product development, while enabling critical measurement for healthcare reform, performance management and protocol safety.",Kaveh Noorbakhsh,Integration Manager,"10000 Cedar Ave.Cleveland, OH 44106",440-941-7174,,kaveh@explorys.com,Full Time,Bachelors;Masters;Doctoral,,Mathematics/Statistics,Biomedical;Computer Engineering;Computer Science,,,N,"Cleveland, OH"
Lexicomp,http://www.lexi.com,"Lexicomp is an industry-leading provider of drug information and clinical content for the healthcare industry. We provide the tools necessary to help improve patient safety, ensure compliance, and elevate the quality of care patients receive. ",Eric Crescimano,"Manager, HR and Legal Affairs","1100 Terex Rd.Hudson, OH 44236",330-656-0317,330-656-4307,eric.crescimano@lexi.com,Full Time;Co-op;Internship,Bachelors,,,Computer Engineering;Computer Science,,,N,"Hudson, OH"
KeyBank,http://www.key.com,"Cleveland-based KeyCorp is one of the nation's largest bank-based financial services companies, with assets of approximately $94 billion. Key companies provide investment management, retail and commercial banking, consumer finance, and investment banking products and services to individuals and companies throughout the United States and, for certain businesses, internationally. The company's businesses deliver their products and services through branches and offices; a network of 1,439 ATMs; telephone banking centers 1-800-KEY2YOU® (1-800-539-2968); and a website, Key.com®, that provides account access and financial products 24 hours a day.",TaRita Johnson,Campus Recruiting Lead,"127 Public SquareOH-01-27-0901Cleveland, OH 44114",216-689-4931,,TaRita_D_Johnson@keybank.com,Internship,Bachelors,,,,Accounting/Accountancy;Economics;Finance (G),,N,"Cleveland, OH"
PolyOne Corporation,http://www.polyone.com,"PolyOne Corporation (NYSE: POL) is a global leader offering a comprehensive array of specialized polymer materials, tailored services and end-to-end solutions. With operations in North America, South America, Europe, and Asia as well as joint ventures in North America and South America, the company services more than 10,000 customers in 35 countries. In 2009, PolyOne’s annual revenues were over $2 billion, exemplifying their role as a leading global provider in the industry.",Julie Biebel,Recruiter,"33587 Walker Rd.Avon Lake, OH 44012",440-930-1675,,julie.biebel@polyone.com,Full Time;Co-op;Internship,Bachelors;Masters;Doctoral,,Chemistry/Natural Sciences,Chemical;Materials Science;Polymer Science,MBA (G);Management -- Marketing (U),,Y,"Avon Lake, OH - Engineering/Scientific positions only"
Oracle,http://www.oracle.com,"Oracle provides the world’s most complete, open, and integrated business software and hardware systems, with more than 370,000 customers—including 100 of the Fortune 100—representing a variety of sizes and industries in more than 145 countries around the globe. Oracle's product strategy provides flexibility and choice to our customers across their IT infrastructure. Now, with Sun server, storage, operating-system, and virtualization technology, Oracle is the only vendor able to offer a complete technology stack in which every layer is integrated to work together as a single system. In addition, Oracle's open architecture and multiple operating-system options gives our customers unmatched benefits from industry-leading products, including excellent system availability, scalability, energy efficiency, powerful performance, and low total cost of ownership.",Brandon Thrasher,Employment Specialist,"630 Lenox Ave, Apt. 6PNew York, NY 10037",718-503-0830,,brandon.thrasher@Oracle.com,Full Time,Bachelors;Masters,,,Computer Science,,,N,"Reston, VA"
Netowrk Technologies Inc,http://www.networktechinc.com,"       Network Technologies Inc manufactures keyboard-video-mouse (KVM) and audio/video switches, splitters and extenders for computers (PC, MAC, and SUN, including USB) and video sources (DVD player, satellite receiver). By consistently providing KVM and audio/video solutions that combine innovation with reliable high-performance, we empower our customers to improve efficiency, reduce equipment and energy costs, and maximize space utilization. We have been rewarded with over 20 consecutive years of dramatic growth.    * NTI is a privately-held company. Our products are manufactured at our company headquarters in Aurora, Ohio. We are a D&B rated company with an excellent credit history and industry reputation. Our products are sold world-wide through an extensive network of International Distributors and resellers.",Stephanie Duchnowski,Human Resource  Generalist,"1275 Danner DriveAurora, OH 44202",800-742-8324,330-560-1999,stephanie.duchnowski@ntigo.com,Part-Time;Full Time;Co-op;Internship,Bachelors;Masters,,,Computer Engineering;Electrical;Mechanical;Master of Engineering Management (G);Engineering Mechanics (G),Organizational Behavior (G);Positive Organizational Development (G),,N,ohio 
Progressive Insurance,http://www.progressive.com,"Redefining the auto insurance industry since 1937, The Progressive Group of Insurance Companies, a Fortune 500® company, is the one of the largest providers of personal auto insurance in the U.S. We employ just under 25,000 people in more than 460 offices across the country, who strives constantly to meet and exceed the highest expectations of our customers. Working at Progressive means having extensive career path opportunities and the chance to work with diverse, bright colleagues. Progressive people are encouraged to learn, risk grow and perform in an innovative, dynamic atmosphere where results over tenure are rewarded. Progressive will be a place where you are celebrated for the person you are, the ideas you bring and for the energy you invest.",Kelly Anderson,Recruiter,"6300 Wilson Mills RoadMayfield Village, OH 44143",440-395-2582,,kanders2@progressive.com,Full Time;Internship,Bachelors;Masters,,Mathematics/Statistics,,Economics;Finance (G);Operations Research (G);Management -- Finance (U),,N,"Cleveland, Ohio"
Saint-Gobain Performance Plastics,http://www.plastics.saint-gobain.com/,"Saint-Gobain Performance Plastics is the world's leading producer of engineered, high-performance polymer products, serving virtually every major industry across the globe.   Saint-Gobain Performance Plastics businesses support these key industries in bringing advanced technology polymer products and using them in the most demanding applications.  Backed by a proud heritage of product innovation, technological expertise and market leadership, Saint-Gobain Performance Plastics is dedicated to working with its customers to solve today's application issues and the challenges that lie ahead.",Mark Colton,Product Development Manager,"2664 Gilchrist RoadAkron, OH 44305",330-798-6943,,mark.f.colton@saint-gobain.com,Full Time,Bachelors;Masters,,Chemistry/Natural Sciences,Chemical;Macromolecular Science (G);Materials Science;Mechanical;Polymer Science;Master of Engineering Management (G);Engineering Mechanics (G),,,Y,"Akron, Ohio"
"Plasticolors, Inc.",http://www.plasticolors.com,Manufacturer of colorant and specialty dispersions for the thermoset plastic and industrial paint & coatings markets.,Jeff Craigo,"Director, Human Resources","2600 Michigan AvenueAshtabula, OH 44004",440-997-5137,440-992-3613,jcraigo@plasticolors.com,Internship,Bachelors,,Chemistry/Natural Sciences,Chemical,,,Y,"Ashtabula, Oh"
Cleveland Play House,http://www.clevelandplayhouse.com,"Founded in 1915, The Cleveland Play House is America’s first regional theatre. More than 12 million people have attended over 1,300 productions at The Play House – including more than 130 American and/or World Premieres. Today, under the leadership of Artistic Director Michael Bloom and Managing Director Kevin Moore, The Cleveland Play House is an artist-driven theatre that serves the Greater Cleveland community by holding true to its mission: To inspire, stimulate and entertain diverse audiences in Northeast Ohio by producing plays and theatre education programs of the highest professional standards.Vision Statement:  To be a top-tier theatre company that is contemporary in style and substance.Mission Statement:  To inspire, stimulate and entertain diverse audiences in Northeast Ohio by producing plays and theatre education programs of the highest professional standards.",Erin Riffle,Education Associate,"8500 Euclid Ave.Cleveland, OH 44102",216-795-7000,216-795-7007,eriffle@clevelandplayhouse.com,Internship,Bachelors,All Majors,,,,,Y,"Cleveland, OH"
Longbow Research,http://www.longbowresearch.com,"Longbow Research is an independent institutional equity research firm based in Cleveland, OH. We provide bottom up fundamental research to over 200 institutional accounts throughout the U.S. and Canada. Our coverage list consists primarily of mid-cap NYSE-listed names, although we also cover a substantial list of small and large cap companies. Our sector focus is on basic materials, industrial, consumer, technology, and consumer/business services.",Tim Meaney,Associate Equity Analyst,"6000 Lombardo Center, Suite 500Independence, OH 44131",216-525-8429,216-986-0720,tmeaney@longbowresearch.com,Full Time;Practicum;Co-op;Internship,Bachelors;Masters,,,,All Weatherhead,,Y,"Cleveland, OH"
ARES Corporation,http://www.arescorporation.com,"A steadily growing, top performing, engineering, risk management and project management product and services corporation with a world-class team of scientists, engineers and professionals.Our mission is to provide superior quality products and services on time and within budget",Courtney Armstrong,ARES Cleveland Office Administrator,"22800 Cedar Point RoadCleveland, Ohio 44142",440-962-3022,440-962-3098,crarmstrong@arescorporation.com,Full Time,Bachelors,,Interdisciplinary Programs and Modern Languages;Political Science,Aerospace;Computer Engineering;Computer Science,,,N,Cleveland area
Lazorpoint,http://www.lazorpoint.com,"Lazorpoint is a talented team of IT solution providers who bring creativity and insight to client services, infrastructure and software development challenges.  The company is rich with opportunity to grow, learn and mature while delivering real results to clients.  We have been honored to receive the Weatherhead 100 Award for 5 years.",Cheryl DiMattia,Administration,"812 Huron Road, Suite 800Cleveland, Ohio  44115",216-325-5200,216-325-5220,cdimattia@lazorpoint.com,Full Time,Bachelors,,,Computer Engineering;Computer Science,,,N,"Cleveland, Ohio"
American Diabetes Association,http://www.diabetes.org,"Mission: To prevent and cure diabetes and improve the lives of all people affected by diabetes.Nationwide voluntary health agency dedicated to stopping diabetes through research, information and education and advocacy efforts.  Local office serves 22 counties in northeast Ohio with various programs and conducts  seven major special event fundraisers throughout the year.",Tonnie  Alliance,"Manager, Special Events","American Diabetes Association, 4500 Rockside Road #440, Independence, OH 44131",216-328-9989,216-328-0007,talliance@diabetes.org,Part-Time;Full Time;Internship,Bachelors;Masters,All Majors,Psychology;Teacher Education;Biochemistry;Nutrition,,,Mandel Center for Nonprofit Organizations (G),N,"Cleveland, OH"
McMaster Carr,http://www.mcmaster.com,"McMaster Carr is an industry leader that distributes over 480,000 products to customers spanning the manufacturing, maintenance, medicine, and movie-making industries.  The work environment is fast-paced and collegial.  Performance is recognized over seniority or job title.  We offer the stability of a century-old market leader and the excitement of a company that is still growing and innovating.  In addition to competitive salaries, we offer outstanding benefits including profit sharing and 100% tuition reimbursement.",Justin Reed,Human Resources Manager,200 Aurora Industrial ParkwayAurora OH 44202,330-995-5832,330-995-5801,justin.reed@mcmaster.com,Full Time;Practicum;Internship,Bachelors;Masters,All Majors,"All Arts, Humanities, & Social Sciences;All Sciences",All Engineering,All Weatherhead,,N,"Cleveland, Chicago, Los Angeles, Dayton NJ, Atlanta"
"Summit Data Communications, Inc.",http://www.summitdatacom.com/,"Founded in 2005 in Akron, Ohio, Summit Data Communications is the leader in industrial-grade Wi-Fi® solutions for business-critical mobile devices in today’s computers, medical devices, and other business-critical mobile components. Summit’s embedded Wi-Fi solutions provide secure, reliable connections in the challenging environments in which business-critical mobile devices operate, including factories, warehouses, ports, hospitals, and retail stores.  In October 2010, the company sold its one million Wi-Fi radio.   ",Dan Houston,Human Resources,"526 South Main Street Akron, Ohio 44311",330-434-7929,,dhouston@summitdatacom.com,Full Time;Internship,Bachelors;Masters,,,Computer Engineering;Computer Science,Accounting/Accountancy,,Y,"Akron, Ohio"